Workbook
Name Slicer_Product_Category: #N/A
Name Slicer_Warehouse_ID: #N/A

Sheet Cleaned_Data
A1: Order_ID | B1: Order_Date | C1: Delivery_Date | D1: Supplier_Name | E1: Product_Category | F1: Warehouse_ID | G1: Units_Ordered | H1: Units_Shipped | I1: Unit_Revenue | J1: COGS_Per_Unit | K1: Promised_Lead_Time | L1: Inventory_Value_OnHand | M1: Delivery_Days | N1: On_Time_Flag
A2: =RAW_DATA!A2 -> ORD-0001 | B2: 45052 | C2: 45053 | D2: GREENFIELD FOODS | E2: DAIRY | F2: =RAW_DATA!F2 -> WH-C | G2: =RAW_DATA!G2 -> 366 | H2: =RAW_DATA!H2 -> 366 | I2: =RAW_DATA!I2 -> 13.53 | J2: =RAW_DATA!J2 -> 9.04 | K2: =RAW_DATA!K2 -> 4 | L2: =RAW_DATA!L2 -> 3040.87 | M2: =C2-B2 -> 1 | N2: =IF(M2<=K2,"On Time", "Late") -> On Time
A3: =RAW_DATA!A3 -> ORD-0002 | B3: 45185 | C3: 45187 | D3: GREENFIELD FOODS | E3: BAKERY | F3: =RAW_DATA!F3 -> WH-B | G3: =RAW_DATA!G3 -> 386 | H3: =RAW_DATA!H3 -> 386 | I3: =RAW_DATA!I3 -> 9.02 | J3: =RAW_DATA!J3 -> 5.36 | K3: =RAW_DATA!K3 -> 4 | L3: =RAW_DATA!L3 -> 2593.56 | M3: =C3-B3 -> 2 | N3: =IF(M3<=K3,"On Time", "Late") -> On Time
A4: =RAW_DATA!A4 -> ORD-0003 | B4: 45101 | C4: 45102 | D4: NOVA COLD LOGISTICS | E4: BAKERY | F4: =RAW_DATA!F4 -> WH-D | G4: =RAW_DATA!G4 -> 192 | H4: =RAW_DATA!H4 -> 192 | I4: =RAW_DATA!I4 -> 8.22 | J4: =RAW_DATA!J4 -> 5.11 | K4: =RAW_DATA!K4 -> 3 | L4: =RAW_DATA!L4 -> 1085.49 | M4: =C4-B4 -> 1 | N4: =IF(M4<=K4,"On Time", "Late") -> On Time
A5: =RAW_DATA!A5 -> ORD-0004 | B5: 45201 | C5: 45203 | D5: PRIME REMOVAL LTD. | E5: DAIRY | F5: =RAW_DATA!F5 -> WH-D | G5: =RAW_DATA!G5 -> 60 | H5: =RAW_DATA!H5 -> 60 | I5: =RAW_DATA!I5 -> 15.57 | J5: =RAW_DATA!J5 -> 10.49 | K5: =RAW_DATA!K5 -> 3 | L5: =RAW_DATA!L5 -> 891.87 | M5: =C5-B5 -> 2 | N5: =IF(M5<=K5,"On Time", "Late") -> On Time
A6: =RAW_DATA!A6 -> ORD-0005 | B6: 45265 | C6: 45268 | D6: FRESH LINK PARTNERS | E6: DAIRY | F6: =RAW_DATA!F6 -> WH-A | G6: =RAW_DATA!G6 -> 60 | H6: =RAW_DATA!H6 -> 60 | I6: =RAW_DATA!I6 -> 15.84 | J6: =RAW_DATA!J6 -> 9.92 | K6: =RAW_DATA!K6 -> 5 | L6: =RAW_DATA!L6 -> 697.6 | M6: =C6-B6 -> 3 | N6: =IF(M6<=K6,"On Time", "Late") -> On Time
A7: =RAW_DATA!A7 -> ORD-0006 | B7: 45108 | C7: 45111 | D7: AGRIFLOW DISTRIBUTORS | E7: BAKERY | F7: =RAW_DATA!F7 -> WH-C | G7: =RAW_DATA!G7 -> 379 | H7: =RAW_DATA!H7 -> 379 | I7: =RAW_DATA!I7 -> $9.51 | J7: =RAW_DATA!J7 -> 6.39 | K7: =RAW_DATA!K7 -> 6 | L7: =RAW_DATA!L7 -> 2428.31 | M7: =C7-B7 -> 3 | N7: =IF(M7<=K7,"On Time", "Late") -> On Time
A8: =RAW_DATA!A8 -> ORD-0007 | B8: 45121 | C8: 45126 | D8: FRESH LINK PARTNERS | E8: BAKERY | F8: =RAW_DATA!F8 -> WH-D | G8: =RAW_DATA!G8 -> 132 | H8: =RAW_DATA!H8 -> 132 | I8: =RAW_DATA!I8 -> 10.45 | J8: =RAW_DATA!J8 -> 7.37 | K8: =RAW_DATA!K8 -> 5 | L8: =RAW_DATA!L8 -> 1009.25 | M8: =C8-B8 -> 5 | N8: =IF(M8<=K8,"On Time", "Late") -> On Time
A9: =RAW_DATA!A9 -> ORD-0008 | B9: 45064 | C9: 45067 | D9: NOVA COLD LOGISTICS | E9: BEVERAGES | F9: =RAW_DATA!F9 -> WH-D | G9: =RAW_DATA!G9 -> 387 | H9: =RAW_DATA!H9 -> 387 | I9: =RAW_DATA!I9 -> 17.9 | J9: =RAW_DATA!J9 -> 11.26 | K9: =RAW_DATA!K9 -> 3 | L9: =RAW_DATA!L9 -> 6313.01 | M9: =C9-B9 -> 3 | N9: =IF(M9<=K9,"On Time", "Late") -> On Time
A10: =RAW_DATA!A10 -> ORD-0009 | B10: 44998 | C10: 45003 | D10: BLUE STAR WHOLESALE | E10: BAKERY | F10: =RAW_DATA!F10 -> WH-C | G10: =RAW_DATA!G10 -> 295 | H10: =RAW_DATA!H10 -> 295 | I10: =RAW_DATA!I10 -> 9.21 | J10: =RAW_DATA!J10 -> 6.72 | K10: =RAW_DATA!K10 -> 7 | L10: =RAW_DATA!L10 -> 2259.22 | M10: =C10-B10 -> 5 | N10: =IF(M10<=K10,"On Time", "Late") -> On Time
A11: =RAW_DATA!A11 -> ORD-0010 | B11: 45179 | C11: 45180 | D11: FRESH LINK PARTNERS | E11: BAKERY | F11: =RAW_DATA!F11 -> WH-E | G11: =RAW_DATA!G11 -> 76 | H11: =RAW_DATA!H11 -> 76 | I11: =RAW_DATA!I11 -> 7.17 | J11: =RAW_DATA!J11 -> 4.92 | K11: =RAW_DATA!K11 -> 5 | L11: =RAW_DATA!L11 -> 470.33 | M11: =C11-B11 -> 1 | N11: =IF(M11<=K11,"On Time", "Late") -> On Time
A12: =RAW_DATA!A12 -> ORD-0011 | B12: 45166 | C12: 45167 | D12: SWIFT CHAIN INC | E12: FROZEN | F12: =RAW_DATA!F12 -> WH-E | G12: =RAW_DATA!G12 -> 368 | H12: =RAW_DATA!H12 -> 368 | I12: =RAW_DATA!I12 -> 24.18 | J12: =RAW_DATA!J12 -> 15.9 | K12: =RAW_DATA!K12 -> 4 | L12: =RAW_DATA!L12 -> 6202.83 | M12: =C12-B12 -> 1 | N12: =IF(M12<=K12,"On Time", "Late") -> On Time
A13: =RAW_DATA!A13 -> ORD-0012 | B13: 45149 | C13: 45150 | D13: AGRIFLOW DISTRIBUTORS | E13: DAIRY | F13: =RAW_DATA!F13 -> WH-C | G13: =RAW_DATA!G13 -> 389 | H13: =RAW_DATA!H13 -> 389 | I13: =RAW_DATA!I13 -> 11.5 | J13: =RAW_DATA!J13 -> 7.48 | K13: =RAW_DATA!K13 -> 6 | L13: =RAW_DATA!L13 -> 2930.64 | M13: =C13-B13 -> 1 | N13: =IF(M13<=K13,"On Time", "Late") -> On Time
... A36: =RAW_DATA!A36 -> ORD-0035 | B36: 45167 | C36: 45171 | D36: GREENFIELD FOODS | E36: FROZEN | F36: =RAW_DATA!F36 -> WH-A | G36: =RAW_DATA!G36 -> 199 | H36: =RAW_DATA!H36 -> 199 | I36: =RAW_DATA!I36 -> 25.54 | J36: =RAW_DATA!J36 -> 15.21 | K36: =RAW_DATA!K36 -> 4 | L36: =RAW_DATA!L36 -> 2767.09 | M36: =C36-B36 -> 4 | N36: =IF(M36<=K36,"On Time", "Late") -> On Time
A37: =RAW_DATA!A37 -> ORD-0036 | B37: 45112 | C37: 45077 | D37: FRESH LINK PARTNERS | E37: FROZEN | F37: =RAW_DATA!F37 -> WH-C | G37: =RAW_DATA!G37 -> 199 | H37: =RAW_DATA!H37 -> 199 | I37: =RAW_DATA!I37 -> 20.8 | J37: =RAW_DATA!J37 -> 15.52 | K37: =RAW_DATA!K37 -> 5 | L37: =RAW_DATA!L37 -> 3773.29 | M37: Data Error | N37: Not Applicable
A38: =RAW_DATA!A38 -> ORD-0037 | B38: 45119 | C38: 45020 | D38: NOVA COLD LOGISTICS | E38: DAIRY | F38: =RAW_DATA!F38 -> WH-C | G38: =RAW_DATA!G38 -> 39 | H38: =RAW_DATA!H38 -> 39 | I38: =RAW_DATA!I38 -> 12.73 | J38: =RAW_DATA!J38 -> 8.86 | K38: =RAW_DATA!K38 -> 3 | L38: =RAW_DATA!L38 -> 376.02 | M38: Data Error | N38: Not Applicable
A39: =RAW_DATA!A39 -> ORD-0038 | B39: 44995 | C39: 45028 | D39: GREENFIELD FOODS | E39: FROZEN | F39: =RAW_DATA!F39 -> WH-E | G39: =RAW_DATA!G39 -> 20 | H39: =RAW_DATA!H39 -> 20 | I39: =RAW_DATA!I39 -> 25.68 | J39: =RAW_DATA!J39 -> 17.65 | K39: =RAW_DATA!K39 -> 4 | L39: =RAW_DATA!L39 -> 516.85 | M39: =C39-B39 -> 33 | N39: =IF(M39<=K39,"On Time", "Late") -> Late
A40: =RAW_DATA!A40 -> ORD-0039 | B40: 45182 | C40: 44970 | D40: FRESH LINK PARTNERS | E40: BEVERAGES | F40: =RAW_DATA!F40 -> WH-D | G40: =RAW_DATA!G40 -> 339 | H40: =RAW_DATA!H40 -> 339 | I40: =RAW_DATA!I40 -> 19.63 | J40: =RAW_DATA!J40 -> 13.62 | K40: =RAW_DATA!K40 -> 5 | L40: =RAW_DATA!L40 -> 4987.45 | M40: Data Error | N40: Not Applicable
A41: =RAW_DATA!A41 -> ORD-0040 | B41: 44960 | C41: 45136 | D41: PRIME REMOVAL LTD. | E41: FROZEN | F41: =RAW_DATA!F41 -> WH-C | G41: =RAW_DATA!G41 -> 85 | H41: =RAW_DATA!H41 -> 85 | I41: =RAW_DATA!I41 -> 23.98 | J41: =RAW_DATA!J41 -> 15.01 | K41: =RAW_DATA!K41 -> 3 | L41: =RAW_DATA!L41 -> 1720.97 | M41: =C41-B41 -> 176 | N41: =IF(M41<=K41,"On Time", "Late") -> Late
A42: =RAW_DATA!A42 -> ORD-0041 | B42: 44950 | C42: 45082 | D42: RAPID SUPPLY CO | E42: PRODUCE | F42: =RAW_DATA!F42 -> WH-E | G42: =RAW_DATA!G42 -> 175 | H42: =RAW_DATA!H42 -> 175 | I42: =RAW_DATA!I42 -> 6.35 | J42: =RAW_DATA!J42 -> 4.23 | K42: =RAW_DATA!K42 -> 2 | L42: =RAW_DATA!L42 -> 957.01 | M42: =C42-B42 -> 132 | N42: =IF(M42<=K42,"On Time", "Late") -> Late
A43: =RAW_DATA!A43 -> ORD-0042 | B43: 45204 | C43: 45276 | D43: BLUE STAR WHOLESALE | E43: FROZEN | F43: =RAW_DATA!F43 -> WH-D | G43: =RAW_DATA!G43 -> 396 | H43: =RAW_DATA!H43 -> 396 | I43: =RAW_DATA!I43 -> 17.02 | J43: =RAW_DATA!J43 -> 11.12 | K43: =RAW_DATA!K43 -> 7 | L43: =RAW_DATA!L43 -> 5635.47 | M43: =C43-B43 -> 72 | N43: =IF(M43<=K43,"On Time", "Late") -> Late
A44: =RAW_DATA!A44 -> ORD-0043 | B44: 45279 | C44: 45273 | D44: AGRIFLOW DISTRIBUTORS | E44: DAIRY | F44: =RAW_DATA!F44 -> WH-B | G44: =RAW_DATA!G44 -> 95 | H44: =RAW_DATA!H44 -> 73 | I44: =RAW_DATA!I44 -> 16.68 | J44: =RAW_DATA!J44 -> 11.21 | K44: =RAW_DATA!K44 -> 6 | L44: =RAW_DATA!L44 -> 1449.5 | M44: Data Error | N44: Not Applicable
A45: =RAW_DATA!A45 -> ORD-0044 | B45: 45264 | C45: 45030 | D45: BLUE STAR WHOLESALE | E45: FROZEN | F45: =RAW_DATA!F45 -> WH-E | G45: =RAW_DATA!G45 -> 273 | H45: =RAW_DATA!H45 -> 273 | I45: =RAW_DATA!I45 -> 17.77 | J45: =RAW_DATA!J45 -> 12.22 | K45: =RAW_DATA!K45 -> 7 | L45: =RAW_DATA!L45 -> 0 | M45: Data Error | N45: Not Applicable
A46: =RAW_DATA!A46 -> ORD-0045 | B46: 45017 | C46: 45021 | D46: GREENFIELD FOODS | E46: FROZEN | F46: =RAW_DATA!F46 -> WH-B | G46: =RAW_DATA!G46 -> 45 | H46: =RAW_DATA!H46 -> 45 | I46: =RAW_DATA!I46 -> 27.01 | J46: =RAW_DATA!J46 -> 15.51 | K46: =RAW_DATA!K46 -> 4 | L46: =RAW_DATA!L46 -> 683.99 | M46: =C46-B46 -> 4 | N46: =IF(M46<=K46,"On Time", "Late") -> On Time
A47: =RAW_DATA!A47 -> ORD-0046 | B47: 45231 | C47: 45238 | D47: BLUE STAR WHOLESALE | E47: PRODUCE | F47: =RAW_DATA!F47 -> WH-E | G47: =RAW_DATA!G47 -> 246 | H47: =RAW_DATA!H47 -> 246 | I47: =RAW_DATA!I47 -> 7.39 | J47: =RAW_DATA!J47 -> 4.81 | K47: =RAW_DATA!K47 -> 7 | L47: =RAW_DATA!L47 -> 1654.6 | M47: =C47-B47 -> 7 | N47: =IF(M47<=K47,"On Time", "Late") -> On Time
A48: =RAW_DATA!A48 -> ORD-0047 | B48: 45157 | C48: 45159 | D48: BLUE STAR WHOLESALE | E48: BAKERY | F48: =RAW_DATA!F48 -> WH-D | G48: =RAW_DATA!G48 -> 9999 | H48: =RAW_DATA!H48 -> 9999 | I48: =RAW_DATA!I48 -> 10.13 | J48: =RAW_DATA!J48 -> 6.55 | K48: =RAW_DATA!K48 -> 7 | L48: =RAW_DATA!L48 -> 2364.99 | M48: =C48-B48 -> 2 | N48: =IF(M48<=K48,"On Time", "Late") -> On Time
A49: =RAW_DATA!A49 -> ORD-0048 | B49: 45047 | C49: 45050 | D49: BLUE STAR WHOLESALE | E49: DAIRY | F49: =RAW_DATA!F49 -> WH-C | G49: =RAW_DATA!G49 -> 296 | H49: =RAW_DATA!H49 -> 296 | I49: =RAW_DATA!I49 -> 10.69 | J49: =RAW_DATA!J49 -> 6.7 | K49: =RAW_DATA!K49 -> 7 | L49: =RAW_DATA!L49 -> 1966.71 | M49: =C49-B49 -> 3 | N49: =IF(M49<=K49,"On Time", "Late") -> On Time
A50: =RAW_DATA!A50 -> ORD-0049 | B50: 45135 | C50: 45139 | D50: FRESH LINK PARTNERS | E50: DAIRY | F50: =RAW_DATA!F50 -> WH-D | G50: =RAW_DATA!G50 -> 232 | H50: =RAW_DATA!H50 -> 232 | I50: =RAW_DATA!I50 -> 15.6 | J50: =RAW_DATA!J50 -> 9.8 | K50: =RAW_DATA!K50 -> 5 | L50: =RAW_DATA!L50 -> 3096.36 | M50: =C50-B50 -> 4 | N50: =IF(M50<=K50,"On Time", "Late") -> On Time
A51: =RAW_DATA!A51 -> ORD-0050 | B51: 45171 | C51: 45173 | D51: NOVA COLD LOGISTICS | E51: PRODUCE | F51: =RAW_DATA!F51 -> WH-D | G51: =RAW_DATA!G51 -> 172 | H51: =RAW_DATA!H51 -> 172 | I51: =RAW_DATA!I51 -> 7.87 | J51: =RAW_DATA!J51 -> 5.83 | K51: =RAW_DATA!K51 -> 3 | L51: =RAW_DATA!L51 -> 1154.59 | M51: =C51-B51 -> 2 | N51: =IF(M51<=K51,"On Time", "Late") -> On Time
A52: =RAW_DATA!A52 -> ORD-0051 | B52: 45066 | C52: 45067 | D52: FRESH LINK PARTNERS | E52: FROZEN | F52: =RAW_DATA!F52 -> WH-B | G52: =RAW_DATA!G52 -> 219 | H52: =RAW_DATA!H52 -> 219 | I52: =RAW_DATA!I52 -> 24.15 | J52: =RAW_DATA!J52 -> 15.24 | K52: =RAW_DATA!K52 -> 5 | L52: =RAW_DATA!L52 -> 3334.31 | M52: =C52-B52 -> 1 | N52: =IF(M52<=K52,"On Time", "Late") -> On Time
A53: =RAW_DATA!A53 -> ORD-0052 | B53: 45200 | C53: 45204 | D53: BLUE STAR WHOLESALE | E53: BAKERY | F53: =RAW_DATA!F53 -> WH-E | G53: =RAW_DATA!G53 -> 323 | H53: =RAW_DATA!H53 -> 323 | I53: =RAW_DATA!I53 -> 6.53 | J53: =RAW_DATA!J53 -> 4.43 | K53: =RAW_DATA!K53 -> 7 | L53: =RAW_DATA!L53 -> 1404.3 | M53: =C53-B53 -> 4 | N53: =IF(M53<=K53,"On Time", "Late") -> On Time
A54: =RAW_DATA!A54 -> ORD-0053 | B54: 45060 | C54: 45062 | D54: BLUE STAR WHOLESALE | E54: BAKERY | F54: =RAW_DATA!F54 -> WH-A | G54: =RAW_DATA!G54 -> 252 | H54: =RAW_DATA!H54 -> 252 | I54: =RAW_DATA!I54 -> 10.05 | J54: =RAW_DATA!J54 -> 6.29 | K54: =RAW_DATA!K54 -> 7 | L54: =RAW_DATA!L54 -> 2141.77 | M54: =C54-B54 -> 2 | N54: =IF(M54<=K54,"On Time", "Late") -> On Time
A55: =RAW_DATA!A55 -> ORD-0054 | B55: 45167 | C55: 45168 | D55: SWIFT CHAIN INC | E55: BEVERAGES | F55: =RAW_DATA!F55 -> WH-A | G55: =RAW_DATA!G55 -> 199 | H55: =RAW_DATA!H55 -> 199 | I55: =RAW_DATA!I55 -> 12.62 | J55: =RAW_DATA!J55 -> 9.36 | K55: =RAW_DATA!K55 -> 4 | L55: =RAW_DATA!L55 -> 1721.37 | M55: =C55-B55 -> 1 | N55: =IF(M55<=K55,"On Time", "Late") -> On Time
A56: =RAW_DATA!A56 -> ORD-0055 | B56: 44937 | C56: 44938 | D56: NOVA COLD LOGISTICS | E56: BAKERY | F56: =RAW_DATA!F56 -> WH-B | G56: =RAW_DATA!G56 -> 84 | H56: =RAW_DATA!H56 -> 84 | I56: =RAW_DATA!I56 -> 6.95 | J56: =RAW_DATA!J56 -> 5.14 | K56: =RAW_DATA!K56 -> 3 | L56: =RAW_DATA!L56 -> 509.05 | M56: =C56-B56 -> 1 | N56: =IF(M56<=K56,"On Time", "Late") -> On Time
A57: =RAW_DATA!A57 -> ORD-0056 | B57: 45237 | C57: 45240 | D57: PRIME REMOVAL LTD. | E57: BEVERAGES | F57: =RAW_DATA!F57 -> WH-B | G57: =RAW_DATA!G57 -> 387 | H57: =RAW_DATA!H57 -> 387 | I57: =RAW_DATA!I57 -> 19.37 | J57: =RAW_DATA!J57 -> 14.39 | K57: =RAW_DATA!K57 -> 3 | L57: =RAW_DATA!L57 -> 5373.23 | M57: =C57-B57 -> 3 | N57: =IF(M57<=K57,"On Time", "Late") -> On Time
... A70: =RAW_DATA!A70 -> ORD-0069 | B70: 45212 | C70: 45214 | D70: GREENFIELD FOODS | E70: BAKERY | F70: =RAW_DATA!F70 -> WH-A | G70: =RAW_DATA!G70 -> 287 | H70: =RAW_DATA!H70 -> 287 | I70: =RAW_DATA!I70 -> 10.76 | J70: =RAW_DATA!J70 -> 6.56 | K70: =RAW_DATA!K70 -> 4 | L70: =RAW_DATA!L70 -> 2359.26 | M70: =C70-B70 -> 2 | N70: =IF(M70<=K70,"On Time", "Late") -> On Time
A71: =RAW_DATA!A71 -> ORD-0070 | B71: 45244 | C71: 45242 | D71: SWIFT CHAIN INC | E71: BEVERAGES | F71: =RAW_DATA!F71 -> WH-E | G71: =RAW_DATA!G71 -> 126 | H71: =RAW_DATA!H71 -> 126 | I71: =RAW_DATA!I71 -> 14.38 | J71: =RAW_DATA!J71 -> 8.14 | K71: =RAW_DATA!K71 -> 4 | L71: =RAW_DATA!L71 -> 1070.69 | M71: Data Error | N71: Not Applicable
A72: =RAW_DATA!A72 -> ORD-0071 | B72: 45136 | C72: 45140 | D72: GREENFIELD FOODS | E72: BAKERY | F72: =RAW_DATA!F72 -> WH-A | G72: =RAW_DATA!G72 -> 169 | H72: =RAW_DATA!H72 -> 136 | I72: =RAW_DATA!I72 -> 9.79 | J72: =RAW_DATA!J72 -> 6.76 | K72: =RAW_DATA!K72 -> 4 | L72: =RAW_DATA!L72 -> 1339.42 | M72: =C72-B72 -> 4 | N72: =IF(M72<=K72,"On Time", "Late") -> On Time
A73: =RAW_DATA!A73 -> ORD-0072 | B73: 45265 | C73: 45267 | D73: FRESH LINK PARTNERS | E73: BEVERAGES | F73: =RAW_DATA!F73 -> WH-E | G73: =RAW_DATA!G73 -> 237 | H73: =RAW_DATA!H73 -> 237 | I73: =RAW_DATA!I73 -> 14.02 | J73: =RAW_DATA!J73 -> 8.13 | K73: =RAW_DATA!K73 -> 5 | L73: =RAW_DATA!L73 -> 2041.22 | M73: =C73-B73 -> 2 | N73: =IF(M73<=K73,"On Time", "Late") -> On Time
A74: =RAW_DATA!A74 -> ORD-0073 | B74: 45011 | C74: 45013 | D74: RAPID SUPPLY CO | E74: DAIRY | F74: =RAW_DATA!F74 -> WH-A | G74: =RAW_DATA!G74 -> 244 | H74: =RAW_DATA!H74 -> 244 | I74: =RAW_DATA!I74 -> 14.56 | J74: =RAW_DATA!J74 -> 10.05 | K74: =RAW_DATA!K74 -> 2 | L74: =RAW_DATA!L74 -> 3593.96 | M74: =C74-B74 -> 2 | N74: =IF(M74<=K74,"On Time", "Late") -> On Time
A75: =RAW_DATA!A75 -> ORD-0074 | B75: 45233 | C75: 45237 | D75: BLUE STAR WHOLESALE | E75: FROZEN | F75: =RAW_DATA!F75 -> WH-A | G75: =RAW_DATA!G75 -> 396 | H75: =RAW_DATA!H75 -> 396 | I75: =RAW_DATA!I75 -> 19 | J75: =RAW_DATA!J75 -> 10.8 | K75: =RAW_DATA!K75 -> 7 | L75: =RAW_DATA!L75 -> 6317.46 | M75: =C75-B75 -> 4 | N75: =IF(M75<=K75,"On Time", "Late") -> On Time
A76: =RAW_DATA!A76 -> ORD-0075 | B76: 44947 | C76: 44952 | D76: NOVA COLD LOGISTICS | E76: BEVERAGES | F76: =RAW_DATA!F76 -> WH-E | G76: =RAW_DATA!G76 -> 260 | H76: =RAW_DATA!H76 -> 260 | I76: =RAW_DATA!I76 -> 15.98 | J76: =RAW_DATA!J76 -> 9.68 | K76: =RAW_DATA!K76 -> 3 | L76: =RAW_DATA!L76 -> 3770.59 | M76: =C76-B76 -> 5 | N76: =IF(M76<=K76,"On Time", "Late") -> Late
A77: =RAW_DATA!A78 -> ORD-0077 | B77: 44945 | C77: 44947 | D77: PRIME REMOVAL LTD. | E77: FROZEN | F77: =RAW_DATA!F78 -> WH-E | G77: =RAW_DATA!G78 -> 149 | H77: =RAW_DATA!H78 -> 149 | I77: =RAW_DATA!I78 -> 27.64 | J77: =RAW_DATA!J78 -> 17.44 | K77: =RAW_DATA!K78 -> 3 | L77: =RAW_DATA!L78 -> 3141.03 | M77: =C77-B77 -> 2 | N77: =IF(M77<=K77,"On Time", "Late") -> On Time
A78: =RAW_DATA!A79 -> ORD-0078 | B78: 45138 | C78: 45141 | D78: NOVA COLD LOGISTICS | E78: PRODUCE | F78: =RAW_DATA!F79 -> WH-D | G78: =RAW_DATA!G79 -> 205 | H78: =RAW_DATA!H79 -> 205 | I78: =RAW_DATA!I79 -> 6.59 | J78: =RAW_DATA!J79 -> 4.21 | K78: =RAW_DATA!K79 -> 3 | L78: =RAW_DATA!L79 -> 803.47 | M78: =C78-B78 -> 3 | N78: =IF(M78<=K78,"On Time", "Late") -> On Time
A79: =RAW_DATA!A80 -> ORD-0079 | B79: 45074 | C79: 45077 | D79: PRIME REMOVAL LTD. | E79: PRODUCE | F79: =RAW_DATA!F80 -> WH-B | G79: =RAW_DATA!G80 -> 268 | H79: =RAW_DATA!H80 -> 268 | I79: =RAW_DATA!I80 -> 8.3 | J79: =RAW_DATA!J80 -> 5.58 | K79: =RAW_DATA!K80 -> 3 | L79: =RAW_DATA!L80 -> 1560.61 | M79: =C79-B79 -> 3 | N79: =IF(M79<=K79,"On Time", "Late") -> On Time
A80: =RAW_DATA!A81 -> ORD-0080 | B80: 44934 | C80: 44935 | D80: RAPID SUPPLY CO | E80: BEVERAGES | F80: =RAW_DATA!F81 -> WH-E | G80: =RAW_DATA!G81 -> 135 | H80: =RAW_DATA!H81 -> 135 | I80: =RAW_DATA!I81 -> 20.22 | J80: =RAW_DATA!J81 -> 12.99 | K80: =RAW_DATA!K81 -> 2 | L80: =RAW_DATA!L81 -> 1701.88 | M80: =C80-B80 -> 1 | N80: =IF(M80<=K80,"On Time", "Late") -> On Time
A81: =RAW_DATA!A82 -> ORD-0081 | B81: 45187 | C81: 45189 | D81: RAPID SUPPLY CO | E81: FROZEN | F81: =RAW_DATA!F82 -> WH-C | G81: =RAW_DATA!G82 -> 267 | H81: =RAW_DATA!H82 -> 267 | I81: =RAW_DATA!I82 -> 18.92 | J81: =RAW_DATA!J82 -> 12.49 | K81: =RAW_DATA!K82 -> 2 | L81: =RAW_DATA!L82 -> 3768.86 | M81: =C81-B81 -> 2 | N81: =IF(M81<=K81,"On Time", "Late") -> On Time
A82: =RAW_DATA!A83 -> ORD-0082 | B82: 45139 | C82: 45141 | D82: RAPID SUPPLY CO | E82: DAIRY | F82: =RAW_DATA!F83 -> WH-C | G82: =RAW_DATA!G83 -> 21 | H82: =RAW_DATA!H83 -> 21 | I82: =RAW_DATA!I83 -> 11.75 | J82: =RAW_DATA!J83 -> 7.84 | K82: =RAW_DATA!K83 -> 2 | L82: =RAW_DATA!L83 -> 0 | M82: =C82-B82 -> 2 | N82: =IF(M82<=K82,"On Time", "Late") -> On Time
A83: =RAW_DATA!A84 -> ORD-0083 | B83: 45202 | C83: 45205 | D83: BLUE STAR WHOLESALE | E83: BAKERY | F83: =RAW_DATA!F84 -> WH-D | G83: =RAW_DATA!G84 -> 302 | H83: =RAW_DATA!H84 -> 302 | I83: =RAW_DATA!I84 -> 8.21 | J83: =RAW_DATA!J84 -> 6.05 | K83: =RAW_DATA!K84 -> 7 | L83: =RAW_DATA!L84 -> 2597.7 | M83: =C83-B83 -> 3 | N83: =IF(M83<=K83,"On Time", "Late") -> On Time
A84: =RAW_DATA!A85 -> ORD-0084 | B84: 45046 | C84: 45055 | D84: FRESH LINK PARTNERS | E84: PRODUCE | F84: =RAW_DATA!F85 -> WH-D | G84: =RAW_DATA!G85 -> 42 | H84: =RAW_DATA!H85 -> 42 | I84: =RAW_DATA!I85 -> 6.5 | J84: =RAW_DATA!J85 -> 4.76 | K84: =RAW_DATA!K85 -> 5 | L84: =RAW_DATA!L85 -> 225.66 | M84: =C84-B84 -> 9 | N84: =IF(M84<=K84,"On Time", "Late") -> Late
A85: =RAW_DATA!A86 -> ORD-0085 | B85: 44991 | C85: 44993 | D85: RAPID SUPPLY CO | E85: FROZEN | F85: =RAW_DATA!F86 -> WH-A | G85: =RAW_DATA!G86 -> 71 | H85: =RAW_DATA!H86 -> 71 | I85: =RAW_DATA!I86 -> 21.28 | J85: =RAW_DATA!J86 -> 13.94 | K85: =RAW_DATA!K86 -> 2 | L85: =RAW_DATA!L86 -> 1162.11 | M85: =C85-B85 -> 2 | N85: =IF(M85<=K85,"On Time", "Late") -> On Time
A86: =RAW_DATA!A87 -> ORD-0086 | B86: 44965 | C86: 44967 | D86: RAPID SUPPLY CO | E86: FROZEN | F86: =RAW_DATA!F87 -> WH-B | G86: =RAW_DATA!G87 -> 193 | H86: =RAW_DATA!H87 -> 193 | I86: =RAW_DATA!I87 -> 20.77 | J86: =RAW_DATA!J87 -> 11.76 | K86: =RAW_DATA!K87 -> 2 | L86: =RAW_DATA!L87 -> 2490.16 | M86: =C86-B86 -> 2 | N86: =IF(M86<=K86,"On Time", "Late") -> On Time
A87: =RAW_DATA!A88 -> ORD-0087 | B87: 45204 | C87: 45205 | D87: SWIFT CHAIN INC | E87: BEVERAGES | F87: =RAW_DATA!F88 -> WH-D | G87: =RAW_DATA!G88 -> 140 | H87: =RAW_DATA!H88 -> 140 | I87: =RAW_DATA!I88 -> 20.29 | J87: =RAW_DATA!J88 -> 15.21 | K87: =RAW_DATA!K88 -> 4 | L87: =RAW_DATA!L88 -> 2870.56 | M87: =C87-B87 -> 1 | N87: =IF(M87<=K87,"On Time", "Late") -> On Time
A88: =RAW_DATA!A89 -> ORD-0088 | B88: 45154 | C88: 45157 | D88: SWIFT CHAIN INC | E88: DAIRY | F88: =RAW_DATA!F89 -> WH-A | G88: =RAW_DATA!G89 -> 34 | H88: =RAW_DATA!H89 -> 23 | I88: =RAW_DATA!I89 -> 11.71 | J88: =RAW_DATA!J89 -> 7.32 | K88: =RAW_DATA!K89 -> 4 | L88: =RAW_DATA!L89 -> 245.73 | M88: =C88-B88 -> 3 | N88: =IF(M88<=K88,"On Time", "Late") -> On Time
... A92: =RAW_DATA!A93 -> ORD-0092 | B92: 45264 | C92: 45265 | D92: PRIME REMOVAL LTD. | E92: BEVERAGES | F92: =RAW_DATA!F93 -> WH-A | G92: =RAW_DATA!G93 -> 309 | H92: =RAW_DATA!H93 -> 309 | I92: =RAW_DATA!I93 -> 19 | J92: =RAW_DATA!J93 -> 14.15 | K92: =RAW_DATA!K93 -> 3 | L92: =RAW_DATA!L93 -> 6324.04 | M92: =C92-B92 -> 1 | N92: =IF(M92<=K92,"On Time", "Late") -> On Time
A93: =RAW_DATA!A94 -> ORD-0093 | B93: 45237 | C93: 45233 | D93: BLUE STAR WHOLESALE | E93: BEVERAGES | F93: =RAW_DATA!F94 -> WH-B | G93: =RAW_DATA!G94 -> 345 | H93: =RAW_DATA!H94 -> 345 | I93: =RAW_DATA!I94 -> 14.26 | J93: =RAW_DATA!J94 -> 10 | K93: =RAW_DATA!K94 -> 7 | L93: =RAW_DATA!L94 -> 4693.66 | M93: Data Error | N93: Not Applicable
A94: =RAW_DATA!A95 -> ORD-0094 | B94: 45085 | C94: 45086 | D94: RAPID SUPPLY CO | E94: DAIRY | F94: =RAW_DATA!F95 -> WH-A | G94: =RAW_DATA!G95 -> 316 | H94: =RAW_DATA!H95 -> 316 | I94: =RAW_DATA!I95 -> 10.55 | J94: =RAW_DATA!J95 -> 7.72 | K94: =RAW_DATA!K95 -> 2 | L94: =RAW_DATA!L95 -> 2673.79 | M94: =C94-B94 -> 1 | N94: =IF(M94<=K94,"On Time", "Late") -> On Time
A95: =RAW_DATA!A96 -> ORD-0095 | B95: 44994 | C95: 44997 | D95: SWIFT CHAIN INC | E95: BAKERY | F95: =RAW_DATA!F96 -> WH-B | G95: =RAW_DATA!G96 -> 291 | H95: =RAW_DATA!H96 -> 291 | I95: =RAW_DATA!I96 -> 7.71 | J95: =RAW_DATA!J96 -> 4.49 | K95: =RAW_DATA!K96 -> 4 | L95: =RAW_DATA!L96 -> 1892.5 | M95: =C95-B95 -> 3 | N95: =IF(M95<=K95,"On Time", "Late") -> On Time
A96: =RAW_DATA!A97 -> ORD-0096 | B96: 44985 | C96: 44986 | D96: BLUE STAR WHOLESALE | E96: BEVERAGES | F96: =RAW_DATA!F97 -> WH-C | G96: =RAW_DATA!G97 -> 92 | H96: =RAW_DATA!H97 -> 92 | I96: =RAW_DATA!I97 -> 14.03 | J96: =RAW_DATA!J97 -> 9.61 | K96: =RAW_DATA!K97 -> 7 | L96: =RAW_DATA!L97 -> 1153.46 | M96: =C96-B96 -> 1 | N96: =IF(M96<=K96,"On Time", "Late") -> On Time
A97: =RAW_DATA!A98 -> ORD-0097 | B97: 44973 | C97: 44974 | D97: SWIFT CHAIN INC | E97: PRODUCE | F97: =RAW_DATA!F98 -> WH-C | G97: =RAW_DATA!G98 -> 155 | H97: =RAW_DATA!H98 -> 155 | I97: =RAW_DATA!I98 -> 6.44 | J97: =RAW_DATA!J98 -> 4.41 | K97: =RAW_DATA!K98 -> 4 | L97: =RAW_DATA!L98 -> 890.94 | M97: =C97-B97 -> 1 | N97: =IF(M97<=K97,"On Time", "Late") -> On Time
A98: =RAW_DATA!A99 -> ORD-0098 | B98: 45272 | C98: 45273 | D98: SWIFT CHAIN INC | E98: BEVERAGES | F98: =RAW_DATA!F99 -> WH-A | G98: =RAW_DATA!G99 -> 337 | H98: =RAW_DATA!H99 -> 337 | I98: =RAW_DATA!I99 -> 17.05 | J98: =RAW_DATA!J99 -> 12.5 | K98: =RAW_DATA!K99 -> 4 | L98: =RAW_DATA!L99 -> 4350.76 | M98: =C98-B98 -> 1 | N98: =IF(M98<=K98,"On Time", "Late") -> On Time
A99: =RAW_DATA!A100 -> ORD-0099 | B99: 45259 | C99: 45261 | D99: GREENFIELD FOODS | E99: FROZEN | F99: =RAW_DATA!F100 -> WH-C | G99: =RAW_DATA!G100 -> 43 | H99: =RAW_DATA!H100 -> 43 | I99: =RAW_DATA!I100 -> 19.65 | J99: =RAW_DATA!J100 -> 12.74 | K99: =RAW_DATA!K100 -> 4 | L99: =RAW_DATA!L100 -> 524.98 | M99: =C99-B99 -> 2 | N99: =IF(M99<=K99,"On Time", "Late") -> On Time
A100: =RAW_DATA!A101 -> ORD-0100 | B100: 45116 | C100: 45118 | D100: RAPID SUPPLY CO | E100: FROZEN | F100: =RAW_DATA!F101 -> WH-D | G100: =RAW_DATA!G101 -> 320 | H100: =RAW_DATA!H101 -> 320 | I100: =RAW_DATA!I101 -> 17.85 | J100: =RAW_DATA!J101 -> 11.3 | K100: =RAW_DATA!K101 -> 2 | L100: =RAW_DATA!L101 -> 3469.24 | M100: =C100-B100 -> 2 | N100: =IF(M100<=K100,"On Time", "Late") -> On Time
A101: =RAW_DATA!A102 -> ORD-0101 | B101: 45070 | C101: 45073 | D101: BLUE STAR WHOLESALE | E101: PRODUCE | F101: =RAW_DATA!F102 -> WH-D | G101: =RAW_DATA!G102 -> 131 | H101: =RAW_DATA!H102 -> 131 | I101: =RAW_DATA!I102 -> 8.22 | J101: =RAW_DATA!J102 -> 5.93 | K101: =RAW_DATA!K102 -> 7 | L101: =RAW_DATA!L102 -> 745.46 | M101: =C101-B101 -> 3 | N101: =IF(M101<=K101,"On Time", "Late") -> On Time
A102: =RAW_DATA!A103 -> ORD-0102 | B102: 44958 | C102: 44960 | D102: AGRIFLOW DISTRIBUTORS | E102: PRODUCE | F102: =RAW_DATA!F103 -> WH-C | G102: =RAW_DATA!G103 -> 82 | H102: =RAW_DATA!H103 -> 82 | I102: =RAW_DATA!I103 -> 7.77 | J102: =RAW_DATA!J103 -> 4.42 | K102: =RAW_DATA!K103 -> 6 | L102: =RAW_DATA!L103 -> 372.32 | M102: =C102-B102 -> 2 | N102: =IF(M102<=K102,"On Time", "Late") -> On Time
A103: =RAW_DATA!A104 -> ORD-0103 | B103: 45051 | C103: 45059 | D103: NOVA COLD LOGISTICS | E103: DAIRY | F103: =RAW_DATA!F104 -> WH-C | G103: =RAW_DATA!G104 -> 125 | H103: =RAW_DATA!H104 -> 125 | I103: =RAW_DATA!I104 -> 15.11 | J103: =RAW_DATA!J104 -> 8.94 | K103: =RAW_DATA!K104 -> 3 | L103: =RAW_DATA!L104 -> 1150.55 | M103: =C103-B103 -> 8 | N103: =IF(M103<=K103,"On Time", "Late") -> Late
A104: =RAW_DATA!A105 -> ORD-0104 | B104: 45232 | C104: 45234 | D104: FRESH LINK PARTNERS | E104: BEVERAGES | F104: =RAW_DATA!F105 -> WH-B | G104: =RAW_DATA!G105 -> 86 | H104: =RAW_DATA!H105 -> 86 | I104: =RAW_DATA!I105 -> 19.19 | J104: =RAW_DATA!J105 -> 10.98 | K104: =RAW_DATA!K105 -> 5 | L104: =RAW_DATA!L105 -> 1340.75 | M104: =C104-B104 -> 2 | N104: =IF(M104<=K104,"On Time", "Late") -> On Time
A105: =RAW_DATA!A106 -> ORD-0105 | B105: 45048 | C105: 45049 | D105: RAPID SUPPLY CO | E105: DAIRY | F105: =RAW_DATA!F106 -> WH-C | G105: =RAW_DATA!G106 -> 109 | H105: =RAW_DATA!H106 -> 109 | I105: =RAW_DATA!I106 -> 10.51 | J105: =RAW_DATA!J106 -> 6.67 | K105: =RAW_DATA!K106 -> 2 | L105: =RAW_DATA!L106 -> 703.9 | M105: =C105-B105 -> 1 | N105: =IF(M105<=K105,"On Time", "Late") -> On Time
... A147: =RAW_DATA!A148 -> ORD-0147 | B147: 44995 | C147: 44998 | D147: GREENFIELD FOODS | E147: PRODUCE | F147: =RAW_DATA!F148 -> WH-C | G147: =RAW_DATA!G148 -> 349 | H147: =RAW_DATA!H148 -> 349 | I147: =RAW_DATA!I148 -> 7.6 | J147: =RAW_DATA!J148 -> 4.89 | K147: =RAW_DATA!K148 -> 4 | L147: =RAW_DATA!L148 -> 2248 | M147: =C147-B147 -> 3 | N147: =IF(M147<=K147,"On Time", "Late") -> On Time
A148: =RAW_DATA!A150 -> ORD-0149 | B148: 45056 | C148: 45058 | D148: SWIFT CHAIN INC | E148: PRODUCE | F148: =RAW_DATA!F150 -> WH-D | G148: =RAW_DATA!G150 -> 166 | H148: =RAW_DATA!H150 -> 166 | I148: =RAW_DATA!I150 -> 7.61 | J148: =RAW_DATA!J150 -> 5.5 | K148: =RAW_DATA!K150 -> 4 | L148: =RAW_DATA!L150 -> 1003.53 | M148: =C148-B148 -> 2 | N148: =IF(M148<=K148,"On Time", "Late") -> On Time
A149: =RAW_DATA!A151 -> ORD-0150 | B149: 45131 | C149: 45135 | D149: GREENFIELD FOODS | E149: BEVERAGES | F149: =RAW_DATA!F151 -> WH-D | G149: =RAW_DATA!G151 -> 193 | H149: =RAW_DATA!H151 -> 193 | I149: =RAW_DATA!I151 -> 16.47 | J149: =RAW_DATA!J151 -> 10.7 | K149: =RAW_DATA!K151 -> 4 | L149: =RAW_DATA!L151 -> 3003.87 | M149: =C149-B149 -> 4 | N149: =IF(M149<=K149,"On Time", "Late") -> On Time
A150: =RAW_DATA!A152 -> ORD-0151 | B150: 44967 | C150: 44968 | D150: PRIME REMOVAL LTD. | E150: DAIRY | F150: =RAW_DATA!F152 -> WH-D | G150: =RAW_DATA!G152 -> 299 | H150: =RAW_DATA!H152 -> 299 | I150: =RAW_DATA!I152 -> 10.34 | J150: =RAW_DATA!J152 -> 6.37 | K150: =RAW_DATA!K152 -> 3 | L150: =RAW_DATA!L152 -> 2052.02 | M150: =C150-B150 -> 1 | N150: =IF(M150<=K150,"On Time", "Late") -> On Time
A151: =RAW_DATA!A153 -> ORD-0152 | B151: 45012 | C151: 45015 | D151: BLUE STAR WHOLESALE | E151: PRODUCE | F151: =RAW_DATA!F153 -> WH-D | G151: =RAW_DATA!G153 -> 248 | H151: =RAW_DATA!H153 -> 218 | I151: =RAW_DATA!I153 -> 7.01 | J151: =RAW_DATA!J153 -> 4.47 | K151: =RAW_DATA!K153 -> 7 | L151: =RAW_DATA!L153 -> 1423.04 | M151: =C151-B151 -> 3 | N151: =IF(M151<=K151,"On Time", "Late") -> On Time
A152: =RAW_DATA!A154 -> ORD-0153 | B152: 45113 | C152: 45116 | D152: NOVA COLD LOGISTICS | E152: DAIRY | F152: =RAW_DATA!F154 -> WH-D | G152: =RAW_DATA!G154 -> 367 | H152: =RAW_DATA!H154 -> 367 | I152: =RAW_DATA!I154 -> 9.82 | J152: =RAW_DATA!J154 -> 7.07 | K152: =RAW_DATA!K154 -> 3 | L152: =RAW_DATA!L154 -> 3390.88 | M152: =C152-B152 -> 3 | N152: =IF(M152<=K152,"On Time", "Late") -> On Time
A153: =RAW_DATA!A155 -> ORD-0154 | B153: 44961 | C153: 44967 | D153: BLUE STAR WHOLESALE | E153: DAIRY | F153: =RAW_DATA!F155 -> WH-B | G153: =RAW_DATA!G155 -> 207 | H153: =RAW_DATA!H155 -> 207 | I153: =RAW_DATA!I155 -> 16.44 | J153: =RAW_DATA!J155 -> 9.15 | K153: =RAW_DATA!K155 -> 7 | L153: =RAW_DATA!L155 -> 1879.02 | M153: =C153-B153 -> 6 | N153: =IF(M153<=K153,"On Time", "Late") -> On Time
A154: =RAW_DATA!A156 -> ORD-0155 | B154: 45154 | C154: 45159 | D154: BLUE STAR WHOLESALE | E154: BEVERAGES | F154: =RAW_DATA!F156 -> WH-C | G154: =RAW_DATA!G156 -> 90 | H154: =RAW_DATA!H156 -> 90 | I154: =RAW_DATA!I156 -> 15.58 | J154: =RAW_DATA!J156 -> 10.59 | K154: =RAW_DATA!K156 -> 7 | L154: =RAW_DATA!L156 -> 1000.53 | M154: =C154-B154 -> 5 | N154: =IF(M154<=K154,"On Time", "Late") -> On Time
A155: =RAW_DATA!A157 -> ORD-0156 | B155: 45182 | C155: 45183 | D155: GREENFIELD FOODS | E155: DAIRY | F155: =RAW_DATA!F157 -> WH-B | G155: =RAW_DATA!G157 -> 154 | H155: =RAW_DATA!H157 -> 154 | I155: =RAW_DATA!I157 -> 14.67 | J155: =RAW_DATA!J157 -> 8.7 | K155: =RAW_DATA!K157 -> 4 | L155: =RAW_DATA!L157 -> 1697.7 | M155: =C155-B155 -> 1 | N155: =IF(M155<=K155,"On Time", "Late") -> On Time
A156: =RAW_DATA!A158 -> ORD-0157 | B156: 44996 | C156: 45000 | D156: BLUE STAR WHOLESALE | E156: BAKERY | F156: =RAW_DATA!F158 -> WH-A | G156: =RAW_DATA!G158 -> 108 | H156: =RAW_DATA!H158 -> 108 | I156: =RAW_DATA!I158 -> 8.54 | J156: =RAW_DATA!J158 -> 4.85 | K156: =RAW_DATA!K158 -> 7 | L156: =RAW_DATA!L158 -> 685.74 | M156: =C156-B156 -> 4 | N156: =IF(M156<=K156,"On Time", "Late") -> On Time
A157: =RAW_DATA!A159 -> ORD-0158 | B157: 45208 | C157: 45211 | D157: AGRIFLOW DISTRIBUTORS | E157: BEVERAGES | F157: =RAW_DATA!F159 -> WH-A | G157: =RAW_DATA!G159 -> 100 | H157: =RAW_DATA!H159 -> 100 | I157: =RAW_DATA!I159 -> 20.35 | J157: =RAW_DATA!J159 -> 13.79 | K157: =RAW_DATA!K159 -> 6 | L157: =RAW_DATA!L159 -> 1897.8 | M157: =C157-B157 -> 3 | N157: =IF(M157<=K157,"On Time", "Late") -> On Time
A158: =RAW_DATA!A160 -> ORD-0159 | B158: 44998 | C158: 45002 | D158: FRESH LINK PARTNERS | E158: DAIRY | F158: =RAW_DATA!F160 -> WH-B | G158: =RAW_DATA!G160 -> 33 | H158: =RAW_DATA!H160 -> 33 | I158: =RAW_DATA!I160 -> 13.72 | J158: =RAW_DATA!J160 -> 8.83 | K158: =RAW_DATA!K160 -> 5 | L158: =RAW_DATA!L160 -> 434.11 | M158: =C158-B158 -> 4 | N158: =IF(M158<=K158,"On Time", "Late") -> On Time
A159: =RAW_DATA!A161 -> ORD-0160 | B159: 44960 | C159: 44962 | D159: RAPID SUPPLY CO | E159: PRODUCE | F159: =RAW_DATA!F161 -> WH-A | G159: =RAW_DATA!G161 -> 289 | H159: =RAW_DATA!H161 -> 289 | I159: =RAW_DATA!I161 -> 6.27 | J159: =RAW_DATA!J161 -> 4.17 | K159: =RAW_DATA!K161 -> 2 | L159: =RAW_DATA!L161 -> 1175.24 | M159: =C159-B159 -> 2 | N159: =IF(M159<=K159,"On Time", "Late") -> On Time
... A195: =RAW_DATA!A197 -> ORD-0196 | B195: 45003 | C195: 45008 | D195: FRESH LINK PARTNERS | E195: PRODUCE | F195: =RAW_DATA!F197 -> WH-E | G195: =RAW_DATA!G197 -> 246 | H195: =RAW_DATA!H197 -> 246 | I195: =RAW_DATA!I197 -> 5.54 | J195: =RAW_DATA!J197 -> 3.69 | K195: =RAW_DATA!K197 -> 5 | L195: =RAW_DATA!L197 -> 866.5 | M195: =C195-B195 -> 5 | N195: =IF(M195<=K195,"On Time", "Late") -> On Time
A196: =RAW_DATA!A199 -> ORD-0198 | B196: 45038 | C196: 45039 | D196: SWIFT CHAIN INC | E196: BEVERAGES | F196: =RAW_DATA!F199 -> WH-A | G196: =RAW_DATA!G199 -> 236 | H196: =RAW_DATA!H199 -> 236 | I196: =RAW_DATA!I199 -> 12.57 | J196: =RAW_DATA!J199 -> 9.41 | K196: =RAW_DATA!K199 -> 4 | L196: =RAW_DATA!L199 -> 3243.97 | M196: =C196-B196 -> 1 | N196: =IF(M196<=K196,"On Time", "Late") -> On Time
A197: =RAW_DATA!A200 -> ORD-0199 | B197: 45073 | C197: 45075 | D197: GREENFIELD FOODS | E197: FROZEN | F197: =RAW_DATA!F200 -> WH-A | G197: =RAW_DATA!G200 -> 348 | H197: =RAW_DATA!H200 -> 348 | I197: =RAW_DATA!I200 -> 23.75 | J197: =RAW_DATA!J200 -> 15.06 | K197: =RAW_DATA!K200 -> 4 | L197: =RAW_DATA!L200 -> 7838.86 | M197: =C197-B197 -> 2 | N197: =IF(M197<=K197,"On Time", "Late") -> On Time
A198: =RAW_DATA!A202 -> ORD-0201 | B198: 44938 | C198: 44944 | D198: RAPID SUPPLY CO | E198: BAKERY | F198: =RAW_DATA!F202 -> WH-A | G198: =RAW_DATA!G202 -> 364 | H198: =RAW_DATA!H202 -> 364 | I198: =RAW_DATA!I202 -> 8.44 | J198: =RAW_DATA!J202 -> 5.28 | K198: =RAW_DATA!K202 -> 2 | L198: =RAW_DATA!L202 -> 1994.57 | M198: =C198-B198 -> 6 | N198: =IF(M198<=K198,"On Time", "Late") -> Late
A199: =RAW_DATA!A203 -> ORD-0202 | B199: 45068 | C199: 45074 | D199: BLUE STAR WHOLESALE | E199: BEVERAGES | F199: =RAW_DATA!F203 -> WH-B | G199: =RAW_DATA!G203 -> 77 | H199: =RAW_DATA!H203 -> 74 | I199: =RAW_DATA!I203 -> 15.77 | J199: =RAW_DATA!J203 -> 11.09 | K199: =RAW_DATA!K203 -> 7 | L199: =RAW_DATA!L203 -> 1221.34 | M199: =C199-B199 -> 6 | N199: =IF(M199<=K199,"On Time", "Late") -> On Time
A200: =RAW_DATA!A204 -> ORD-0203 | B200: 44961 | C200: 44962 | D200: NOVA COLD LOGISTICS | E200: BAKERY | F200: =RAW_DATA!F204 -> WH-B | G200: =RAW_DATA!G204 -> 248 | H200: =RAW_DATA!H204 -> 248 | I200: =RAW_DATA!I204 -> 9.78 | J200: =RAW_DATA!J204 -> 5.47 | K200: =RAW_DATA!K204 -> 3 | L200: =RAW_DATA!L204 -> 1823.66 | M200: =C200-B200 -> 1 | N200: =IF(M200<=K200,"On Time", "Late") -> On Time
A201: =RAW_DATA!A205 -> ORD-0204 | B201: 45203 | C201: 45204 | D201: SWIFT CHAIN INC | E201: FROZEN | F201: =RAW_DATA!F205 -> WH-B | G201: =RAW_DATA!G205 -> 91 | H201: =RAW_DATA!H205 -> 91 | I201: =RAW_DATA!I205 -> 19.47 | J201: =RAW_DATA!J205 -> 13.89 | K201: =RAW_DATA!K205 -> 4 | L201: =RAW_DATA!L205 -> 1692.37 | M201: =C201-B201 -> 1 | N201: =IF(M201<=K201,"On Time", "Late") -> On Time
A202: =RAW_DATA!A206 -> ORD-0205 | B202: 45271 | C202: 45273 | D202: AGRIFLOW DISTRIBUTORS | E202: PRODUCE | F202: =RAW_DATA!F206 -> WH-E | G202: =RAW_DATA!G206 -> 174 | H202: =RAW_DATA!H206 -> 174 | I202: =RAW_DATA!I206 -> 8.35 | J202: =RAW_DATA!J206 -> 5.46 | K202: =RAW_DATA!K206 -> 6 | L202: =RAW_DATA!L206 -> 1090.78 | M202: =C202-B202 -> 2 | N202: =IF(M202<=K202,"On Time", "Late") -> On Time
A203: =RAW_DATA!A208 -> ORD-0207 | B203: 45283 | C203: 45285 | D203: SWIFT CHAIN INC | E203: PRODUCE | F203: =RAW_DATA!F208 -> WH-C | G203: =RAW_DATA!G208 -> 173 | H203: =RAW_DATA!H208 -> 173 | I203: =RAW_DATA!I208 -> 7.52 | J203: =RAW_DATA!J208 -> 4.85 | K203: =RAW_DATA!K208 -> 4 | L203: =RAW_DATA!L208 -> 1182.73 | M203: =C203-B203 -> 2 | N203: =IF(M203<=K203,"On Time", "Late") -> On Time
A204: =RAW_DATA!A209 -> ORD-0208 | B204: 44956 | C204: 44958 | D204: PRIME REMOVAL LTD. | E204: BAKERY | F204: =RAW_DATA!F209 -> WH-D | G204: =RAW_DATA!G209 -> 305 | H204: =RAW_DATA!H209 -> 305 | I204: =RAW_DATA!I209 -> 8.26 | J204: =RAW_DATA!J209 -> 4.96 | K204: =RAW_DATA!K209 -> 3 | L204: =RAW_DATA!L209 -> 1661.29 | M204: =C204-B204 -> 2 | N204: =IF(M204<=K204,"On Time", "Late") -> On Time
A205: =RAW_DATA!A210 -> ORD-0209 | B205: 44974 | C205: 44976 | D205: GREENFIELD FOODS | E205: FROZEN | F205: =RAW_DATA!F210 -> WH-C | G205: =RAW_DATA!G210 -> 46 | H205: =RAW_DATA!H210 -> 46 | I205: =RAW_DATA!I210 -> 24.08 | J205: =RAW_DATA!J210 -> 16.15 | K205: =RAW_DATA!K210 -> 4 | L205: =RAW_DATA!L210 -> 1058.02 | M205: =C205-B205 -> 2 | N205: =IF(M205<=K205,"On Time", "Late") -> On Time
A206: =RAW_DATA!A211 -> ORD-0210 | B206: 45038 | C206: 45041 | D206: FRESH LINK PARTNERS | E206: PRODUCE | F206: =RAW_DATA!F211 -> WH-E | G206: =RAW_DATA!G211 -> 175 | H206: =RAW_DATA!H211 -> 175 | I206: =RAW_DATA!I211 -> 4.86 | J206: =RAW_DATA!J211 -> 3.58 | K206: =RAW_DATA!K211 -> 5 | L206: =RAW_DATA!L211 -> 925.49 | M206: =C206-B206 -> 3 | N206: =IF(M206<=K206,"On Time", "Late") -> On Time
A207: =RAW_DATA!A212 -> ORD-0211 | B207: 45283 | C207: 45285 | D207: GREENFIELD FOODS | E207: FROZEN | F207: =RAW_DATA!F212 -> WH-B | G207: =RAW_DATA!G212 -> 223 | H207: =RAW_DATA!H212 -> 223 | I207: =RAW_DATA!I212 -> 22.62 | J207: =RAW_DATA!J212 -> 15.95 | K207: =RAW_DATA!K212 -> 4 | L207: =RAW_DATA!L212 -> 4013.54 | M207: =C207-B207 -> 2 | N207: =IF(M207<=K207,"On Time", "Late") -> On Time
A208: =RAW_DATA!A213 -> ORD-0212 | B208: 45111 | C208: 45115 | D208: AGRIFLOW DISTRIBUTORS | E208: BEVERAGES | F208: =RAW_DATA!F213 -> WH-C | G208: =RAW_DATA!G213 -> 258 | H208: =RAW_DATA!H213 -> 258 | I208: =RAW_DATA!I213 -> $20.83 | J208: =RAW_DATA!J213 -> 13.41 | K208: =RAW_DATA!K213 -> 6 | L208: =RAW_DATA!L213 -> 4856.97 | M208: =C208-B208 -> 4 | N208: =IF(M208<=K208,"On Time", "Late") -> On Time
A209: =RAW_DATA!A214 -> ORD-0213 | B209: 45138 | C209: 45140 | D209: FRESH LINK PARTNERS | E209: BEVERAGES | F209: =RAW_DATA!F214 -> WH-C | G209: =RAW_DATA!G214 -> 399 | H209: =RAW_DATA!H214 -> 399 | I209: =RAW_DATA!I214 -> $14.35 | J209: =RAW_DATA!J214 -> 10.58 | K209: =RAW_DATA!K214 -> 5 | L209: =RAW_DATA!L214 -> 5266.16 | M209: =C209-B209 -> 2 | N209: =IF(M209<=K209,"On Time", "Late") -> On Time
A210: =RAW_DATA!A215 -> ORD-0214 | B210: 45027 | C210: 45031 | D210: SWIFT CHAIN INC | E210: BEVERAGES | F210: =RAW_DATA!F215 -> WH-B | G210: =RAW_DATA!G215 -> 311 | H210: =RAW_DATA!H215 -> 311 | I210: =RAW_DATA!I215 -> 16.49 | J210: =RAW_DATA!J215 -> 11.23 | K210: =RAW_DATA!K215 -> 4 | L210: =RAW_DATA!L215 -> 4578.39 | M210: =C210-B210 -> 4 | N210: =IF(M210<=K210,"On Time", "Late") -> On Time
A211: =RAW_DATA!A216 -> ORD-0215 | B211: 45162 | C211: 45164 | D211: PRIME REMOVAL LTD. | E211: FROZEN | F211: =RAW_DATA!F216 -> WH-D | G211: =RAW_DATA!G216 -> 106 | H211: =RAW_DATA!H216 -> 106 | I211: =RAW_DATA!I216 -> 22.56 | J211: =RAW_DATA!J216 -> 13.24 | K211: =RAW_DATA!K216 -> 3 | L211: =RAW_DATA!L216 -> 2012 | M211: =C211-B211 -> 2 | N211: =IF(M211<=K211,"On Time", "Late") -> On Time
A212: =RAW_DATA!A217 -> ORD-0216 | B212: 44965 | C212: 44974 | D212: NOVA COLD LOGISTICS | E212: PRODUCE | F212: =RAW_DATA!F217 -> WH-A | G212: =RAW_DATA!G217 -> 44 | H212: =RAW_DATA!H217 -> 44 | I212: =RAW_DATA!I217 -> 6.28 | J212: =RAW_DATA!J217 -> 4.51 | K212: =RAW_DATA!K217 -> 3 | L212: =RAW_DATA!L217 -> 206.15 | M212: =C212-B212 -> 9 | N212: =IF(M212<=K212,"On Time", "Late") -> Late
A213: =RAW_DATA!A218 -> ORD-0217 | B213: 45185 | C213: 45186 | D213: RAPID SUPPLY CO | E213: DAIRY | F213: =RAW_DATA!F218 -> WH-B | G213: =RAW_DATA!G218 -> 336 | H213: =RAW_DATA!H218 -> 336 | I213: =RAW_DATA!I218 -> 16.32 | J213: =RAW_DATA!J218 -> 11.96 | K213: =RAW_DATA!K218 -> 2 | L213: =RAW_DATA!L218 -> 5206.33 | M213: =C213-B213 -> 1 | N213: =IF(M213<=K213,"On Time", "Late") -> On Time
...

Sheet KPI_CALC
A1: References | B1: Formula | C1: Target | D1: Explanation
A2: On-Time Delivery Rate (OTD%) | B2: On time deliveries / total order * 100, Countif(On_time_flag, "On Time")/Count(Column A) | C2: 0.95 | D2: Percentage of orders reaching customers on time
A3: Order Fill Rate | B3: Total orders placed/ total orders shipped * 100, Sum (Units_Shipped / Sum (Units_Ordered) | C3: 0.98 | D3: Percentage of customer orders that were completed
A4: Inventory Turnover | B4: Total_COGS/ Average_Inventory_Value | C4: 8-12 times | D4: An efficiency metric that measures how many times a company's inventory is sold and replaced over a specific period
A5: Days of Stock (DOS) | B5: 365/Inventory_Turnover | C5: 30-45 days | D5: How many days of supply currently on hand
A9: On-Time Delivery Rate (OTD%) | B9: Order Fill Rate | C9: Inventory Turnover | D9: Days of Stock (DOS) [In days]
A10: =COUNTIF(Cleaned_Data!N2:N489, "On Time")/COUNTA(Cleaned_Data!A2:A489) -> 0.88729508 | B10: =SUM(Cleaned_Data!H2:H489)/SUM(Cleaned_Data!G2:G489) -> 0.99373516 | C10: =SUM(Cleaned_Data!J2:J489)/AVERAGE(Cleaned_Data!L2:L489) -> 2.0309161 | D10: =365/C10 -> 179.72185
A11: =IF(A10>=95%,"Target Reached","Needs Improvement") -> Needs Improvement | B11: =IF(B10>=98%, "Target Reached", "Below Target") -> Target Reached | C11: =IF(C10>=8,"Target Reached","Below Target") -> Below Target | D11: Above Target

Sheet PIVOT_TABLE_ANALYSIS
A3: Count of Order_ID | B3: Column Labels | K3: Row Labels | L3: Average of Unit_Revenue | M3: Average of COGS_Per_Unit
A4: Row Labels | B4: Late | C4: Not Applicable | D4: On Time | E4: Grand Total | K4: PRODUCE | L4: 6.6869388 | M4: 4.3732039
A5: AGRIFLOW DISTRIBUTORS | B5: 2 | C5: 1 | D5: 57 | E5: 60 | K5: FROZEN | L5: 22.106421 | M5: 14.321327
A6: BLUE STAR WHOLESALE | B6: 1 | C6: 2 | D6: 69 | E6: 72 | K6: DAIRY | L6: 13.273763 | M6: 8.5874227
A7: FRESH LINK PARTNERS | B7: 5 | C7: 3 | D7: 44 | E7: 52 | K7: BEVERAGES | L7: 17.107234 | M7: 11.385
A8: GREENFIELD FOODS | B8: 9 | D8: 51 | E8: 60 | K8: BAKERY | L8: 9.0376404 | M8: 5.9640426
A9: NOVA COLD LOGISTICS | B9: 15 | C9: 2 | D9: 37 | E9: 54 | K9: Grand Total | L9: 13.651002 | M9: 8.8944467
A10: PRIME REMOVAL LTD. | B10: 4 | C10: 1 | D10: 58 | E10: 63
A11: RAPID SUPPLY CO | B11: 2 | C11: 3 | D11: 63 | E11: 68
A12: SWIFT CHAIN INC | B12: 4 | C12: 1 | D12: 54 | E12: 59
A13: Grand Total | B13: 42 | C13: 13 | D13: 433 | E13: 488
A17: Sum of Units_Shipped | B17: Column Labels
A18: Row Labels | B18: PRODUCE | C18: BAKERY | D18: BEVERAGES | E18: DAIRY | F18: FROZEN | G18: Grand Total
A19: 0 | C19: 157 | E19: 345 | F19: 570 | G19: 1072
A20: WH-A | B20: 3352 | C20: 4695 | D20: 4634 | E20: 3929 | F20: 6110 | G20: 22720
A21: WH-B | B21: 4805 | C21: 4572 | D21: 3983 | E21: 4228 | F21: 3472 | G21: 21060
A22: WH-C | B22: 2970 | C22: 3619 | D22: 4204 | E22: 5927 | F22: 2593 | G22: 19313
A23: WH-D | B23: 3917 | C23: 13639 | D23: 3402 | E23: 3288 | F23: 3523 | G23: 27769
A24: WH-E | B24: 15060 | C24: 3296 | D24: 4292 | E24: 2394 | F24: 3576 | G24: 28618
A25: Grand Total | B25: 30104 | C25: 29978 | D25: 20515 | E25: 20111 | F25: 19844 | G25: 120552
A28: Count of Order_ID | B28: Column Labels
A29: Row Labels | B29: Late | C29: Not Applicable | D29: On Time | E29: Grand Total
A30: PRODUCE | B30: 8 | C30: 2 | D30: 93 | E30: 103
A31: FROZEN | B31: 11 | C31: 2 | D31: 85 | E31: 98
A32: DAIRY | B32: 7 | C32: 2 | D32: 88 | E32: 97
A33: BEVERAGES | B33: 8 | C33: 5 | D33: 83 | E33: 96
A34: BAKERY | B34: 8 | C34: 2 | D34: 84 | E34: 94
A35: Grand Total | B35: 42 | C35: 13 | D35: 433 | E35: 488

Sheet Dashboard
A1: FreshCart Supply Chain Performance Dashboard
A2: Analysis Period: January 2023 – December 2023 | Prepared by: Saffan Nagani
F8: On-Time Delivery Rate | I8: Order Fill Rate
F9: =KPI_CALC!A10 -> 0.88729508 | I9: =KPI_CALC!B10 -> 0.99373516
F10: =KPI_CALC!A11 -> Needs Improvement | I10: =KPI_CALC!B11 -> Target Reached
F14: Inventory Turnover | I14: Days of Stock
F15: =KPI_CALC!C10 -> 2.0309161 | I15: =KPI_CALC!D10 -> 179.72185
F16: =KPI_CALC!C11 -> Below Target | I16: =KPI_CALC!D11 -> Above Target

Sheet RAW_DATA
A1: Order_ID | B1: Order_Date | C1: Delivery_Date | D1: Supplier_Name | E1: Product_Category | F1: Warehouse_ID | G1: Units_Ordered | H1: Units_Shipped | I1: Unit_Revenue | J1: COGS_Per_Unit | K1: Promised_Lead_Time | L1: Inventory_Value_OnHand
A2: ORD-0001 | B2: 45052 | C2: 45053 | D2: Greenfield Foods | E2: Dairy | F2: WH-C | G2: 366 | H2: 366 | I2: 13.53 | J2: 9.04 | K2: 4 | L2: 3040.87
A3: ORD-0002 | B3: 45185 | C3: 45187 | D3: Greenfield Foods | E3: Bakery | F3: WH-B | G3: 386 | H3: 386 | I3: 9.02 | J3: 5.36 | K3: 4 | L3: 2593.56
A4: ORD-0003 | B4: 45101 | C4: 45102 | D4: Nova Cold Logistics | E4: Bakery | F4: WH-D | G4: 192 | H4: 192 | I4: 8.22 | J4: 5.11 | K4: 3 | L4: 1085.49
A5: ORD-0004 | B5: 45201 | C5: 45203 | D5: Prime Mover Ltd | E5: Dairy | F5: WH-D | G5: 60 | H5: 60 | I5: 15.57 | J5: 10.49 | K5: 3 | L5: 891.87
A6: ORD-0005 | B6: 45265 | C6: 45268 | D6: FreshLink Partners | E6: Dairy | F6: WH-A | G6: 60 | H6: 60 | I6: 15.84 | J6: 9.92 | K6: 5 | L6: 697.6
A7: ORD-0006 | B7: 45108 | C7: 45111 | D7: AgriFlow Distributors | E7: Bakery | F7: WH-C | G7: 379 | H7: 379 | I7: $9.51 | J7: 6.39 | K7: 6 | L7: 2428.31
A8: ORD-0007 | B8: 45121 | C8: 45126 | D8: FreshLink Partners | E8: Bakery | F8: WH-D | G8: 132 | H8: 132 | I8: 10.45 | J8: 7.37 | K8: 5 | L8: 1009.25
A9: ORD-0008 | B9: 45064 | C9: 45067 | D9: NovaCold Logistics | E9: Beverages | F9: WH-D | G9: 387 | H9: 387 | I9: 17.9 | J9: 11.26 | K9: 3 | L9: 6313.01
A10: ORD-0009 | B10: 44998 | C10: 45003 | D10: BlueStar Wholesale | E10: Bakery | F10: WH-C | G10: 295 | H10: 295 | I10: 9.21 | J10: 6.72 | K10: 7 | L10: 2259.22
A11: ORD-0010 | B11: 45179 | C11: 45180 | D11: FreshLink Partners | E11: Bakery | F11: WH-E | G11: 76 | H11: 76 | I11: 7.17 | J11: 4.92 | K11: 5 | L11: 470.33
A12: ORD-0011 | B12: 45166 | C12: 45167 | D12: SwiftChain Inc | E12: Frozen | F12: WH-E | G12: 368 | H12: 368 | I12: 24.18 | J12: 15.9 | K12: 4 | L12: 6202.83
A13: ORD-0012 | B13: 45149 | C13: 45150 | D13: AgriFlow Distributors | E13: Dairy | F13: WH-C | G13: 389 | H13: 389 | I13: 11.5 | J13: 7.48 | K13: 6 | L13: 2930.64
A14: ORD-0013 | B14: 45238 | C14: 45241 | D14: Greenfield Foods | E14: Beverages | F14: WH-E | G14: 102 | H14: 102 | I14: 19.01 | J14: 12.47 | K14: 4 | L14: 1145.18
A15: ORD-0014 | B15: 44984 | C15: 44987 | D15: AgriFlow Distributors | E15: Frozen | F15: WH-A | G15: 142 | H15: 142 | I15: 26.54 | J15: 19.62 | K15: 6 | L15: 2650.62
A16: ORD-0015 | B16: 44991 | C16: 44995 | D16: BlueStar Wholesale | E16: Dairy | F16: WH-E | G16: 301 | H16: 301 | I16: 13.4 | J16: 9 | K16: 7 | L16: 4005.58
A17: ORD-0016 | B17: 45270 | C17: 45274 | D17: FreshLink Partners | E17: Beverages | F17: WH-D | G17: 284 | H17: 284 | I17: 14.23 | J17: 8.01 | K17: 5 | L17: 2076.07
A18: ORD-0017 | B18: 44930 | C18: 44931 | D18: FreshLink Partners | E18: Produce | F18: WH-B | G18: 137 | H18: 137 | I18: 4.91 | J18: 3.02 | K18: 5 | L18: 500
A19: ORD-0018 | B19: 45203 | C19: 45206 | D19: PrimeMover Ltd | E19: Frozen | F19: WH-B | G19: 315 | H19: 315 | I19: 25.42 | J19: 18.09 | K19: 3 | L19: 5779.53
... A23: ORD-0022 | B23: 45126 | C23: 45128 | D23: Rapid Supply Co | E23: Frozen | F23: WH-A | G23: 166 | H23: 166 | I23: 27.49 | J23: 20.59 | K23: 2 | L23: 4215.9
A24: ORD-0023 | B24: 45078 | C24: 45079 | D24: BlueStar Wholesale | E24: Bakery | F24: WH-B | G24: 316 | H24: 316 | I24: 6.69 | J24: 4.1 | K24: 7
A25: ORD-0024 | B25: 45007 | C25: 45012 | D25: BlueStar Wholesale | E25: Produce | F25: WH-E | G25: 61 | H25: 61 | I25: $5.05 | J25: 2.85 | K25: 7 | L25: 246.36
A26: ORD-0025 | B26: 45053 | C26: 45054 | D26: SwiftChain Inc | E26: Dairy | F26: WH-E | G26: 337 | H26: 337 | I26: 14.33 | J26: 9.5 | K26: 4 | L26: 3489.06
A27: ORD-0026 | B27: 45049 | C27: 45050 | D27: primemover ltd | E27: Bakery | F27: WH-C | G27: 363 | H27: 363 | I27: 8.59 | J27: 6.32 | K27: 3 | L27: 3352.78
A28: ORD-0027 | B28: 45215 | C28: 45219 | D28: Nova Cold Logistics | E28: Frozen | F28: WH-E | G28: 295 | H28: 295 | I28: 19.18 | J28: 14.13 | K28: 3 | L28: 5954.57
A29: ORD-0028 | B29: 45007 | C29: 45012 | D29: FreshLink Partners | E29: Beverages | F29: WH-C | G29: 380 | H29: 380 | I29: 20.85 | J29: 14.83 | K29: 5 | L29: 6860.34
A30: ORD-0029 | B30: 45062 | C30: 45063 | D30: primemover ltd | E30: Dairy | F30: WH-B | G30: 400 | H30: 400 | I30: 11.56 | J30: 7.76 | K30: 3 | L30: 4130.08
A31: ORD-0030 | B31: 45177 | C31: 45178 | D31: FreshLink Partners | E31: Beverages | F31: WH-E | G31: 67 | H31: 67 | I31: 19.46 | J31: 10.87 | K31: 5 | L31: 801.22
A32: ORD-0031 | B32: 45153 | C32: 45155 | D32: Rapid Supply Co | E32: Beverages | F32: WH-B | G32: 307 | H32: 223 | I32: 20.51 | J32: 14.12 | K32: 2 | L32: 4289.03
A33: ORD-0032 | B33: 45209 | C33: 45210 | D33: NovaCold Logistics | E33: Beverages | F33: WH-E | G33: 41 | H33: 41 | I33: 20.09 | J33: 14.25 | K33: 3 | L33: 827.54
A34: ORD-0033 | B34: 45268 | C34: 45273 | D34: AgriFlow Distributors | E34: Bakery | F34: WH-B | G34: 228 | H34: 228 | I34: 10 | J34: 7.35 | K34: 6 | L34: 1746.25
A35: ORD-0034 | B35: 44939 | C35: 44941 | D35: Rapid Supply Co | E35: Bakery | F35: WH-D | G35: 230 | H35: 230 | I35: 10.55 | J35: 7.51 | K35: 2 | L35: 1831.08
A36: ORD-0035 | B36: 08/29/2023 | C36: 45171 | D36: Greenfield Foods | E36: Frozen | F36: WH-A | G36: 199 | H36: 199 | I36: 25.54 | J36: 15.21 | K36: 4 | L36: 2767.09
A37: ORD-0036 | B37: 45069 | C37: 45077 | D37: FreshLink Partners | E37: Frozen | F37: WH-C | G37: 199 | H37: 199 | I37: 20.8 | J37: 15.52 | K37: 5 | L37: 3773.29
A38: ORD-0037 | B38: 45018 | C38: 45020 | D38: NovaCold Logistics | E38: Dairy | F38: WH-C | G38: 39 | H38: 39 | I38: 12.73 | J38: 8.86 | K38: 3 | L38: 376.02
A39: ORD-0038 | B39: 45024 | C39: 45028 | D39: Greenfield Foods | E39: Frozen | F39: WH-E | G39: 20 | H39: 20 | I39: 25.68 | J39: 17.65 | K39: 4 | L39: 516.85
A40: ORD-0039 | B40: 44962 | C40: 44970 | D40: FreshLink Partners | E40: Beverages | F40: WH-D | G40: 339 | H40: 339 | I40: 19.63 | J40: 13.62 | K40: 5 | L40: 4987.45
A41: ORD-0040 | B41: 45133 | C41: 45136 | D41: PrimeMover Ltd | E41: Frozen | F41: WH-C | G41: 85 | H41: 85 | I41: 23.98 | J41: 15.01 | K41: 3 | L41: 1720.97
A42: ORD-0041 | B42: 45081 | C42: 45082 | D42: Rapid supply co | E42: Produce | F42: WH-E | G42: 175 | H42: 175 | I42: 6.35 | J42: 4.23 | K42: 2 | L42: 957.01
A43: ORD-0042 | B43: 45272 | C43: 45276 | D43: BlueStar Wholesale | E43: Frozen | F43: WH-D | G43: 396 | H43: 396 | I43: 17.02 | J43: 11.12 | K43: 7 | L43: 5635.47
A44: ORD-0043 | B44: 45271 | C44: 45273 | D44: AgriFlow Distributors | E44: Dairy | F44: WH-B | G44: 95 | H44: 73 | I44: 16.68 | J44: 11.21 | K44: 6 | L44: 1449.5
A45: ORD-0044 | B45: 45026 | C45: 45030 | D45: BlueStar Wholesale | E45: Frozen | F45: WH-E | G45: 273 | H45: 273 | I45: 17.77 | J45: 12.22 | K45: 7
A46: ORD-0045 | B46: 45017 | C46: 45021 | D46: Greenfield Foods | E46: Frozen | F46: WH-B | G46: 45 | H46: 45 | I46: 27.01 | J46: 15.51 | K46: 4 | L46: 683.99
A47: ORD-0046 | B47: 45231 | C47: 45238 | D47: BlueStar Wholesale | E47: Produce | F47: WH-E | G47: 246 | H47: 246 | I47: 7.39 | J47: 4.81 | K47: 7 | L47: 1654.6
A48: ORD-0047 | B48: 45157 | C48: 45159 | D48: BlueStar Wholesale | E48: Bakery | F48: WH-D | G48: 9999 | H48: 9999 | I48: 10.13 | J48: 6.55 | K48: 7 | L48: 2364.99
A49: ORD-0048 | B49: 45047 | C49: 45050 | D49: BlueStar Wholesale | E49: Dairy | F49: WH-C | G49: 296 | H49: 296 | I49: 10.69 | J49: 6.7 | K49: 7 | L49: 1966.71
A50: ORD-0049 | B50: 45135 | C50: 45139 | D50: FreshLink Partners | E50: Dairy | F50: WH-D | G50: 232 | H50: 232 | I50: 15.6 | J50: 9.8 | K50: 5 | L50: 3096.36
A51: ORD-0050 | B51: 45171 | C51: 45173 | D51: NovaCold Logistics | E51: Produce | F51: WH-D | G51: 172 | H51: 172 | I51: 7.87 | J51: 5.83 | K51: 3 | L51: 1154.59
A52: ORD-0051 | B52: 45066 | C52: 45067 | D52: FreshLink Partners | E52: Frozen | F52: WH-B | G52: 219 | H52: 219 | I52: 24.15 | J52: 15.24 | K52: 5 | L52: 3334.31
A53: ORD-0052 | B53: 45200 | C53: 45204 | D53: BlueStar Wholesale | E53: Bakery | F53: WH-E | G53: 323 | H53: 323 | I53: 6.53 | J53: 4.43 | K53: 7 | L53: 1404.3
A54: ORD-0053 | B54: 45060 | C54: 45062 | D54: BlueStar Wholesale | E54: Bakery | F54: WH-A | G54: 252 | H54: 252 | I54: 10.05 | J54: 6.29 | K54: 7 | L54: 2141.77
A55: ORD-0054 | B55: 45167 | C55: 45168 | D55: SwiftChain Inc | E55: Beverages | F55: WH-A | G55: 199 | H55: 199 | I55: 12.62 | J55: 9.36 | K55: 4 | L55: 1721.37
A56: ORD-0055 | B56: 44937 | C56: 44938 | D56: NovaCold Logistics | E56: Bakery | F56: WH-B | G56: 84 | H56: 84 | I56: 6.95 | J56: 5.14 | K56: 3 | L56: 509.05
A57: ORD-0056 | B57: 45237 | C57: 45240 | D57: PrimeMover Ltd. | E57: Beverages | F57: WH-B | G57: 387 | H57: 387 | I57: 19.37 | J57: 14.39 | K57: 3 | L57: 5373.23
... A59: ORD-0058 | B59: 45277 | C59: 45278 | D59: FreshLink Partners | E59: Dairy | F59: WH-C | G59: 309 | H59: 309 | I59: 12.1 | J59: 7.69 | K59: 5 | L59: 2666.92
A60: ORD-0059 | B60: 45177 | C60: 45180 | D60: AgriFlow Distributors | E60: Dairy | G60: 345 | H60: 345 | I60: 12.91 | J60: 7.5 | K60: 6 | L60: 2602.2
A61: ORD-0060 | B61: 45174 | C61: 45177 | D61: PrimeMover Ltd | E61: Produce | F61: WH-E | G61: 323 | H61: 323 | I61: 7.87 | J61: 5.64 | K61: 3 | L61: 1734.27
A62: ORD-0061 | B62: 45218 | C62: 45222 | D62: Blue Star Wholesale | E62: Bakery | F62: WH-D | G62: 192 | H62: 188 | I62: $7.96 | J62: 5.15 | K62: 7 | L62: 1100.43
A63: ORD-0062 | B63: 45232 | C63: 45234 | D63: PrimeMover Ltd | E63: Beverages | F63: WH-C | G63: 304 | H63: 236 | I63: 12.77 | J63: 8.86 | K63: 3 | L63: 3213.67
A64: ORD-0063 | B64: 45156 | C64: 45157 | D64: FreshLink Partners | E64: Frozen | F64: WH-D | G64: 170 | H64: 170 | I64: 24.3 | J64: 14.85 | K64: 5 | L64: 3152.93
A65: ORD-0064 | B65: 45103 | C65: 45109 | D65: BlueStar Wholesale | E65: Produce | F65: WH-E | G65: 9999 | H65: 9999 | I65: 7.33 | J65: 4.43 | K65: 7 | L65: 1401.22
A66: ORD-0065 | B66: 44988 | C66: 44990 | D66: Greenfield Foods | E66: Bakery | F66: WH-C | G66: 118 | H66: 118 | I66: 8.72 | J66: 6.06 | K66: 4 | L66: 1062.58
A67: ORD-0066 | B67: 45078 | C67: 45079 | D67: PrimeMover Ltd | E67: Dairy | F67: WH-B | G67: 174 | H67: 155 | I67: 10.51 | J67: 5.88 | K67: 3 | L67: 954.28
A68: ORD-0067 | B68: 44979 | C68: 44982 | D68: PrimeMover Ltd | E68: Bakery | F68: WH-D | G68: 165 | H68: 165 | I68: 8.51 | J68: 4.99 | K68: 3 | L68: 766.4
A69: ORD-0068 | B69: 45132 | C69: 45137 | D69: Bluestar Wholesale | E69: Dairy | F69: WH-A | G69: 342 | H69: 342 | I69: 10.69 | J69: 7.61 | K69: 7 | L69: 3824.49
A70: ORD-0069 | B70: 45212 | C70: 45214 | D70: Greenfield Foods | E70: Bakery | F70: WH-A | G70: 287 | H70: 287 | I70: 10.76 | J70: 6.56 | K70: 4 | L70: 2359.26
A71: ORD-0070 | B71: 45244 | C71: 45242 | D71: SwiftChain Inc | E71: Beverages | F71: WH-E | G71: 126 | H71: 126 | I71: 14.38 | J71: 8.14 | K71: 4 | L71: 1070.69
A72: ORD-0071 | B72: 45136 | C72: 45140 | D72: Greenfield Foods | E72: Bakery | F72: WH-A | G72: 169 | H72: 136 | I72: 9.79 | J72: 6.76 | K72: 4 | L72: 1339.42
A73: ORD-0072 | B73: 45265 | C73: 45267 | D73: FreshLink Partners | E73: Beverages | F73: WH-E | G73: 237 | H73: 237 | I73: 14.02 | J73: 8.13 | K73: 5 | L73: 2041.22
A74: ORD-0073 | B74: 45011 | C74: 45013 | D74: Rapid Supply Co | E74: Dairy | F74: WH-A | G74: 244 | H74: 244 | I74: 14.56 | J74: 10.05 | K74: 2 | L74: 3593.96
... A82: ORD-0081 | B82: 45187 | C82: 45189 | D82: Rapid Supply Co | E82: Frozen | F82: WH-C | G82: 267 | H82: 267 | I82: 18.92 | J82: 12.49 | K82: 2 | L82: 3768.86
A83: ORD-0082 | B83: 45139 | C83: 45141 | D83: Rapid Supply Co | E83: Dairy | F83: WH-C | G83: 21 | H83: 21 | I83: 11.75 | J83: 7.84 | K83: 2
A84: ORD-0083 | B84: 45202 | C84: 45205 | D84: BlueStar Wholesale | E84: Bakery | F84: WH-D | G84: 302 | H84: 302 | I84: 8.21 | J84: 6.05 | K84: 7 | L84: 2597.7
A85: ORD-0084 | B85: 45046 | C85: 45055 | D85: Freshlink Partners | E85: Produce | F85: WH-D | G85: 42 | H85: 42 | I85: 6.5 | J85: 4.76 | K85: 5 | L85: 225.66
A86: ORD-0085 | B86: 44991 | C86: 44993 | D86: Rapid Supply Co | E86: Frozen | F86: WH-A | G86: 71 | H86: 71 | I86: 21.28 | J86: 13.94 | K86: 2 | L86: 1162.11
A87: ORD-0086 | B87: 44965 | C87: 44967 | D87: Rapid Supply Co | E87: Frozen | F87: WH-B | G87: 193 | H87: 193 | I87: 20.77 | J87: 11.76 | K87: 2 | L87: 2490.16
A88: ORD-0087 | B88: 45204 | C88: 45205 | D88: SwiftChain Inc | E88: Beverages | F88: WH-D | G88: 140 | H88: 140 | I88: 20.29 | J88: 15.21 | K88: 4 | L88: 2870.56
A89: ORD-0088 | B89: 45154 | C89: 45157 | D89: Swiftchain Inc | E89: Dairy | F89: WH-A | G89: 34 | H89: 23 | I89: 11.71 | J89: 7.32 | K89: 4 | L89: 245.73
A90: ORD-0089 | B90: 45014 | C90: 45018 | D90: SwiftChain Inc | E90: Produce | F90: WH-B | G90: 337 | H90: 337 | I90: 6.59 | J90: 4.39 | K90: 4 | L90: 1537.59
A91: ORD-0090 | B91: 45268 | C91: 45270 | D91: PrimeMover Ltd | E91: Frozen | F91: WH-C | G91: 167 | H91: 167 | I91: 17.9 | J91: 11.43 | K91: 3 | L91: 2113.7
A92: ORD-0091 | B92: 45160 | C92: 45161 | D92: PrimeMover Ltd | E92: Frozen | F92: WH-C | G92: 216 | H92: 216 | I92: 17.28 | J92: 10.82 | K92: 3 | L92: 2606.77
A93: ORD-0092 | B93: 45264 | C93: 45265 | D93: PrimeMover Ltd. | E93: Beverages | F93: WH-A | G93: 309 | H93: 309 | I93: 19 | J93: 14.15 | K93: 3 | L93: 6324.04
A94: ORD-0093 | B94: 45237 | C94: 45233 | D94: Bluestar Wholesale | E94: Beverages | F94: WH-B | G94: 345 | H94: 345 | I94: 14.26 | J94: 10 | K94: 7 | L94: 4693.66
A95: ORD-0094 | B95: 45085 | C95: 45086 | D95: Rapid Supply Co | E95: Dairy | F95: WH-A | G95: 316 | H95: 316 | I95: 10.55 | J95: 7.72 | K95: 2 | L95: 2673.79
... A106: ORD-0105 | B106: 45048 | C106: 45049 | D106: Rapid Supply Co | E106: Dairy | F106: WH-C | G106: 109 | H106: 109 | I106: 10.51 | J106: 6.67 | K106: 2 | L106: 703.9
A107: ORD-0106 | B107: 07/05/2023 | C107: 45113 | D107: Greenfield Foods | E107: Frozen | F107: WH-D | G107: 251 | H107: 251 | I107: 27.34 | J107: 15.27 | K107: 4 | L107: 5250.65
A108: ORD-0107 | B108: 44958 | C108: 44965 | D108: PrimeMover Ltd. | E108: Frozen | F108: WH-A | G108: 238 | H108: 238 | I108: $21.88 | J108: 16.01 | K108: 3 | L108: 3597.36
A109: ORD-0108 | B109: 45002 | C109: 45005 | D109: Greenfield Foods | E109: Beverages | F109: WH-E | G109: 339 | H109: 339 | I109: 16.94 | J109: 10.42 | K109: 4 | L109: 5287.18
A110: ORD-0109 | B110: 45236 | C110: 45239 | D110: PrimeMover Ltd | E110: Frozen | F110: WH-E | G110: 78 | H110: 78 | I110: $23.81 | J110: 16.76 | K110: 3 | L110: 1741.96
A111: ORD-0110 | B111: 45043 | C111: 45047 | D111: FreshLink Partners | E111: Frozen | F111: WH-D | G111: 224 | H111: 224 | I111: 17.14 | J111: 10.89 | K111: 5 | L111: 3168.89
A112: ORD-0111 | B112: 44961 | C112: 44962 | D112: AgriFlow Distributors | E112: Bakery | F112: WH-D | G112: 67 | H112: 67 | I112: 9.97 | J112: 6.23 | K112: 6 | L112: 408.26
A113: ORD-0112 | B113: 45214 | C113: 45215 | D113: Nova Cold Logistics | E113: Produce | F113: WH-E | G113: 230 | H113: 230 | I113: 7.2 | J113: 5.04 | K113: 3 | L113: 1647.06
A114: ORD-0113 | B114: 45086 | C114: 45089 | D114: NovaCold Logistics | E114: Beverages | F114: WH-E | G114: 279 | H114: 279 | I114: 17.91 | J114: 10.65 | K114: 3 | L114: 2867.15
A115: ORD-0114 | B115: 45220 | C115: 45224 | D115: AgriFlow Distributors | E115: Dairy | F115: WH-C | G115: 307 | H115: 307 | I115: 15.49 | J115: 10.42 | K115: 6 | L115: 4112.62
A116: ORD-0115 | B116: 44941 | C116: 44944 | D116: NovaCold Logistics | E116: Produce | F116: WH-C | G116: 178 | H116: 178 | I116: 6.06 | J116: 3.55 | K116: 3 | L116: 623.02
A117: ORD-0116 | B117: 45251 | C117: 45256 | D117: SwiftChain Inc | E117: Dairy | F117: WH-B | G117: 291 | H117: 291 | I117: 12.62 | J117: 7.8 | K117: 4 | L117: 2546.79
A118: ORD-0117 | B118: 44970 | C118: 44972 | D118: AgriFlow Distributors | E118: Produce | F118: WH-E | G118: 100 | H118: 100 | I118: 4.98 | J118: 2.82 | K118: 6 | L118: 328.77
A119: ORD-0118 | B119: 45153 | C119: 45155 | D119: SwiftChain Inc | E119: Frozen | F119: WH-E | G119: 282 | H119: 282 | I119: 21.16 | J119: 12.84 | K119: 4 | L119: 4732.82
A120: ORD-0119 | B120: 44950 | C120: 44955 | D120: BlueStar Wholesale | E120: Produce | F120: WH-C | G120: 48 | H120: 42 | I120: 8.2 | J120: 5.77 | K120: 7 | L120: 376.25
A121: ORD-0120 | B121: 44930 | C121: 44932 | D121: PrimeMover Ltd | E121: Beverages | F121: WH-A | G121: 109 | H121: 109 | I121: 16.79 | J121: 10.01 | K121: 3 | L121: 1347.75
...
